{"cameraMode":{"drawMode":0,"name":"Shaded","section":"Shading Mode"},"sceneLighting":true,"audioPlay":false,"sceneViewState":{"m_AlwaysRefresh":false,"showFog":true,"showSkybox":true,"showFlares":true,"showImageEffects":true,"showParticleSystems":true,"showVisualEffectGraphs":true,"m_FxEnabled":true},"in2DMode":false,"pivot":{"x":2.4165024757385256,"y":2.0253539085388185,"z":2.2489962577819826},"rotation":{"x":-0.028342274948954583,"y":-0.9567489624023438,"z":0.09967388957738877,"w":-0.2718977928161621},"size":1.2247449159622193,"orthographic":false}